target_id,ens_gene,ext_gene,external_transcript_name,fc,b,lrt_qval,wt_qval,Direction,Category
ENSMUST00000023829.6,ENSMUSG00000023067,Cdkn1a,Cdkn1a-001,10.467360356771009,2.3368845706874675,2.5978996272906636e-8,1.088734460385876e-36,Up,NA
ENSMUST00000071718.11,ENSMUSG00000026701,Prdx6,Prdx6-001,3.4089759087949147,1.2200181104974726,2.5978996272906636e-8,2.14647593647031e-37,Up,NA
ENSMUST00000033050.4,ENSMUSG00000030787,Lyve1,Lyve1-201,8.35165913721739,2.078867882423262,5.254876265760034e-7,2.5907909994839992e-23,Up,NA
ENSMUST00000051925.4,ENSMUSG00000026701,Prdx6,Prdx6-002,5.453667035141579,1.7366588645479957,6.088525055812291e-7,2.414561478036407e-22,Up,NA
ENSMUST00000151137.7,ENSMUSG00000030695,Aldoa,Aldoa-005,5.342465941328781,1.618398171826768,6.088525055812291e-7,3.0906191997010313e-22,Up,Glycolytic enzymes and regulators
ENSMUST00000192639.5,ENSMUSG00000026701,Prdx6,Prdx6-008,2.6696734067859773,0.9695277483551558,6.413930285297215e-7,9.192265287337304e-21,Up,NA
ENSMUST00000156678.7,ENSMUSG00000026701,Prdx6,Prdx6-007,3.538323370058979,1.2723634974305174,6.413930285297215e-7,9.36877656367316e-21,Up,NA
ENSMUST00000047028.8,ENSMUSG00000042363,Lgalsl,Lgalsl-001,2.138363240891241,0.7405247531684582,6.413930285297215e-7,9.637211283508658e-19,Up,NA
ENSMUST00000021239.6,ENSMUSG00000020869,Lrrc59,Lrrc59-001,2.0911921758388323,0.7097841467826169,6.591657140950442e-7,6.158628390537022e-16,Up,NA
ENSMUST00000144600.7,ENSMUSG00000023092,Fhl1,Fhl1-008,5.4286714593165835,1.7165862256265183,9.073926766628542e-7,1.8052436229834005e-19,Up,NA
ENSMUST00000041133.9,ENSMUSG00000036136,Fam110c,Fam110c-201,3.70656495697419,1.2786369348123692,1.544203266700903e-6,1.2481836837312263e-17,Up,NA
ENSMUST00000118875.7,ENSMUSG00000057666,Gapdh,Gapdh-001,2.2911275952699213,0.8003416501131754,3.428465514232266e-6,9.822670319426076e-13,Up,Glycolytic enzymes and regulators
ENSMUST00000127300.1,ENSMUSG00000001175,Calm1,Calm1-004,2.5939070233871813,0.9601459169928906,3.5261994629034125e-6,1.6283475545274621e-13,Up,NA
ENSMUST00000114768.9,ENSMUSG00000023092,Fhl1,Fhl1-005,3.0225746263783435,1.1157976219680141,3.5261994629034125e-6,1.3946458474606613e-12,Up,NA
ENSMUST00000006311.12,ENSMUSG00000030353,Tead4,Tead4-001,4.605410698997963,1.5417198088851374,6.875214927790384e-6,7.683529580532057e-14,Up,NA
ENSMUST00000205888.1,ENSMUSG00000058966,Fam57b,Fam57b-002,4.947689427601405,1.5137708717952036,8.767571296190479e-6,1.5330236334501814e-11,Up,NA
ENSMUST00000161250.7,ENSMUSG00000023010,Tmbim6,Tmbim6-003,4.604466108290892,1.476520715842885,9.501744304988862e-6,9.940528186456529e-13,Up,NA
ENSMUST00000021506.5,ENSMUSG00000021091,Serpina3n,Serpina3n-001,3.4673406992068787,1.2471264380020974,1.0487944505347785e-5,9.822670319426076e-13,Up,NA
ENSMUST00000166247.7,ENSMUSG00000029810,Tmem176b,Tmem176b-001,2.134757114301515,0.7455283166431106,1.1108463255670531e-5,1.3946458474606613e-12,Up,NA
ENSMUST00000123693.1,ENSMUSG00000072946,Ptgr2,Ptgr2-003,11.370369340391084,4.0248005238573725,1.1654085930140496e-5,1.4441441368018294e-10,Up,NA
ENSMUST00000206589.1,ENSMUSG00000025153,Fasn,Fasn-006,5.751439993872639,1.6400254237413534,1.8067032286512383e-5,1.391408888031652e-11,Up,Lipid metabolism
ENSMUST00000030677.6,ENSMUSG00000028862,Map3k6,Map3k6-001,2.357122042720672,0.8749947194719165,3.1573539694777615e-5,1.5499783134012548e-10,Up,NA
ENSMUST00000004327.10,ENSMUSG00000031400,G6pdx,G6pdx-001,2.196649846391983,0.7715354979072535,3.509212452441487e-5,2.44827477598805e-10,Up,NA
ENSMUST00000067853.5,ENSMUSG00000054675,Tmem119,Tmem119-001,2.2576811739893516,0.8433644168891565,3.5615330277994167e-5,2.703061456221424e-10,Up,NA
ENSMUST00000059354.14,ENSMUSG00000036078,Sigmar1,Sigmar1-001,2.3015401332555157,0.7966008000504066,4.257802618519575e-5,6.399656994195897e-10,Up,NA
ENSMUST00000038191.7,ENSMUSG00000042429,Adora1,Adora1-002,2.7090998598606277,0.9700358882622445,4.723668329269274e-5,1.039574208764242e-9,Up,NA
ENSMUST00000023807.6,ENSMUSG00000023046,Igfbp6,Igfbp6-001,2.48514232041747,0.9280019673023393,4.872827772412739e-5,1.277504678067555e-9,Up,NA
ENSMUST00000029564.11,ENSMUSG00000027952,Pmvk,Pmvk-001,2.1789096606526748,0.7487738444449067,4.92830483420602e-5,1.4588924919917058e-9,Up,NA
ENSMUST00000025409.7,ENSMUSG00000024529,Lox,Lox-201,7.2200379434032875,1.9962948033542705,5.179120783544168e-5,1.824018040092811e-9,Up,NA
ENSMUST00000033549.2,ENSMUSG00000031204,Asb12,Asb12-001,6.114857616593883,1.692360416697487,5.179120783544168e-5,1.891444108101849e-9,Up,NA
ENSMUST00000100244.9,ENSMUSG00000026833,Olfm1,Olfm1-201,2.5964159496175236,0.9335052500374965,5.468824693719336e-5,2.3449074794107664e-9,Up,NA
ENSMUST00000009538.11,ENSMUSG00000009394,Syn2,Syn2-001,2.5781736878342816,0.9450976621499525,5.9204591053261914e-5,3.2528384956953765e-9,Up,NA
ENSMUST00000016338.14,ENSMUSG00000016194,Hsd11b1,Hsd11b1-002,2.755996646728605,1.0118979960863883,6.284597040982628e-5,4.269035958629172e-9,Up,Lipid metabolism
ENSMUST00000087566.10,ENSMUSG00000030695,Aldoa,Aldoa-003,3.3200214612182313,1.170099548782886,6.733338191343627e-5,6.3175572460526e-9,Up,Glycolytic enzymes and regulators
ENSMUST00000151033.1,ENSMUSG00000023092,Fhl1,Fhl1-009,11.590063353294736,2.5833110539776754,7.950342594750338e-5,3.347668904379156e-7,Up,NA
ENSMUST00000146541.1,ENSMUSG00000025153,Fasn,Fasn-002,3.851823708763566,1.267962642125857,8.590329064446675e-5,1.673706347036596e-8,Up,Lipid metabolism
ENSMUST00000204073.2,ENSMUSG00000029810,Tmem176b,Tmem176b-007,2.3636416596639744,0.819440115874692,9.657511887828503e-5,2.736538186833047e-8,Up,NA
ENSMUST00000027667.12,ENSMUSG00000026413,Pkp1,Pkp1-001,19.19557839418624,3.7863305124212454,9.667913748123375e-5,2.7654959257882015e-8,Up,NA
ENSMUST00000032934.11,ENSMUSG00000030695,Aldoa,Aldoa-001,2.0457287341669503,0.6808313494111936,1.002192386823457e-4,2.0941396047283273e-6,Up,Glycolytic enzymes and regulators
ENSMUST00000113825.3,ENSMUSG00000024892,Pcx,Pcx-202,5.630227751129741,1.7146530053691116,1.0138529507397837e-4,3.51328579754566e-8,Up,NA
ENSMUST00000067087.6,ENSMUSG00000054204,Fam150b,Fam150b-201,2.2752806901002747,0.843856659379847,1.1679093191084022e-4,5.7007928897754564e-8,Up,NA
ENSMUST00000091233.6,ENSMUSG00000036040,Adamtsl2,Adamtsl2-001,6.217518747863374,1.8756070382737402,1.1849221813666284e-4,5.979622151298774e-8,Up,NA
ENSMUST00000122348.1,ENSMUSG00000023067,Cdkn1a,Cdkn1a-002,6.126930983993216,1.8611699228605834,1.2834197519676177e-4,1.7279210084940945e-5,Up,NA
ENSMUST00000195605.5,ENSMUSG00000026626,Ppp2r5a,Ppp2r5a-005,21.34037458419664,4.896007788683352,1.2834197519676177e-4,8.03620306760036e-8,Up,NA
ENSMUST00000090481.13,ENSMUSG00000029767,Calu,Calu-002,2.323670250279852,0.9205169979449253,1.2879766602195145e-4,8.257965412299675e-8,Up,NA
ENSMUST00000204617.2,ENSMUSG00000009394,Syn2,Syn2-003,2.9624551653825177,1.092175722383947,1.4241391460500385e-4,1.1244190108547607e-7,Up,NA
ENSMUST00000176167.1,ENSMUSG00000039826,Trub2,Trub2-007,3.9747455510229757,1.290456285021727,1.5781730542979589e-4,1.5984019438995245e-7,Up,NA
ENSMUST00000169927.1,ENSMUSG00000042429,Adora1,Adora1-201,2.6568899147627087,1.0883237778724415,1.6455602334734026e-4,1.8149479892741797e-7,Up,NA
ENSMUST00000148870.1,ENSMUSG00000027605,Acss2,Acss2-010,5.942592519729473,1.593112139980161,1.670661045292124e-4,7.398284564296095e-6,Up,NA
ENSMUST00000188995.1,ENSMUSG00000101389,Ms4a4a,Ms4a4a-001,3.3070039576410655,1.2901472169537638,1.670661045292124e-4,1.9415758053195278e-7,Up,NA
ENSMUST00000165310.2,ENSMUSG00000079419,Ms4a6c,Ms4a6c-001,2.3427187154625657,0.8246906513654759,1.670661045292124e-4,2.0908783139757495e-7,Up,NA
ENSMUST00000029753.12,ENSMUSG00000028108,Ecm1,Ecm1-002,2.7845139447187384,0.9577861887989991,1.756001048186202e-4,6.645921584058316e-6,Up,NA
ENSMUST00000098371.8,ENSMUSG00000025790,Slco3a1,Slco3a1-002,2.273331784606171,0.8541391539625506,1.7790908219726372e-4,2.55171845390105e-7,Up,NA
ENSMUST00000161737.7,ENSMUSG00000016194,Hsd11b1,Hsd11b1-001,2.558032770748926,0.9682321438842016,1.7820317623387676e-4,2.711309932471939e-7,Up,Lipid metabolism
ENSMUST00000168382.1,ENSMUSG00000057561,Eif1a,Eif1a-202,2.850127231911284,0.9746997569802971,1.799528267686309e-4,2.7936008917628353e-7,Up,NA
ENSMUST00000097981.4,ENSMUSG00000073802,Cdkn2b,Cdkn2b-201,2.5694414367762874,0.8768304017708968,1.8650413312889237e-4,3.185802688876724e-7,Up,NA
ENSMUST00000102995.8,ENSMUSG00000029772,Ahcyl2,Ahcyl2-002,2.958010633837352,1.1242045913909788,1.883192708345519e-4,3.3659274518700923e-7,Up,NA
ENSMUST00000205905.1,ENSMUSG00000025153,Fasn,Fasn-004,6.788890705471467,1.7790343194022056,1.883192708345519e-4,3.3409540899526766e-7,Up,Lipid metabolism
ENSMUST00000199834.4,ENSMUSG00000042520,Ubap2l,Ubap2l-005,2.085555386317316,0.737592228979702,1.9070444244487006e-4,3.498624507261126e-7,Up,NA
ENSMUST00000171470.7,ENSMUSG00000024529,Lox,Lox-202,3.1610755695334616,1.0942114583425977,2.2427041279967928e-4,6.023624083489177e-7,Up,NA
ENSMUST00000070736.11,ENSMUSG00000029778,Adcyap1r1,Adcyap1r1-001,15.302587275568875,2.8878889093245874,2.3410942142137688e-4,9.066315223631483e-6,Up,NA
ENSMUST00000102884.9,ENSMUSG00000020122,Egfr,Egfr-002,2.3513309019228434,0.8852210167421509,2.3706430954948375e-4,7.085206666573047e-7,Up,NA
ENSMUST00000062045.3,ENSMUSG00000051627,Hist1h1e,Hist1h1e-001,4.465994679391311,1.2965488920024475,2.454086917361253e-4,7.947345370429982e-7,Up,NA
ENSMUST00000205131.1,ENSMUSG00000030317,Timp4,Timp4-002,3.5825089994772767,1.3941238419285367,2.5243615016222237e-4,8.591759788216903e-7,Up,NA
ENSMUST00000081746.6,ENSMUSG00000034858,Fam214a,Fam214a-201,2.3301933127082304,0.9947716224161477,2.798630842905506e-4,1.202244869250972e-6,Up,NA
ENSMUST00000114772.8,ENSMUSG00000023092,Fhl1,Fhl1-004,4.264629651468631,1.618300836297622,2.8733213394216173e-4,1.3083786663637813e-6,Up,NA
ENSMUST00000056290.12,ENSMUSG00000009073,Nf2,Nf2-002,2.398647435944956,0.8665481596143484,3.2504725191537996e-4,2.5064756855704198e-6,Up,NA
ENSMUST00000112493.7,ENSMUSG00000031309,Rps6ka3,Rps6ka3-002,14.410207615972666,3.4315785565759405,3.405913885321301e-4,2.1420119871016837e-6,Up,NA
ENSMUST00000110856.7,ENSMUSG00000026623,Lpgat1,Lpgat1-002,3.6887104715561145,1.3271637016807019,3.5622562718422534e-4,2.418716457748981e-6,Up,Lipid metabolism
ENSMUST00000034171.8,ENSMUSG00000031731,Ap1g1,Ap1g1-002,2.0182786884466006,0.6879478217622025,3.6269659998167467e-4,8.549013372526413e-5,Up,NA
ENSMUST00000114769.8,ENSMUSG00000023092,Fhl1,Fhl1-002,2.1613615450800214,0.8431381795607441,3.6951583821279616e-4,2.6900450182027535e-6,Up,NA
ENSMUST00000075159.4,ENSMUSG00000029238,Clock,Clock-003,3.10021652612219,1.3489593000548858,3.9152832659430584e-4,3.1243648098646566e-6,Up,Circadian rhythm
ENSMUST00000025580.9,ENSMUSG00000024677,Ms4a6b,Ms4a6b-201,2.2173224517245487,0.8129009243975232,3.9428402293234565e-4,3.311192490257248e-6,Up,NA
ENSMUST00000167110.7,ENSMUSG00000038615,Nfe2l1,Nfe2l1-202,11.397908251892586,3.128459488639318,4.283563488306786e-4,4.190386708049981e-6,Up,NA
ENSMUST00000146441.7,ENSMUSG00000028207,Asph,Asph-004,2.7086052039824287,1.0370148076940624,4.8196162333993657e-4,3.760655996970892e-5,Up,NA
ENSMUST00000130530.7,ENSMUSG00000017493,Igfbp4,Igfbp4-004,2.709759917383229,1.061918343697245,4.999466704272306e-4,6.820279584932884e-6,Up,NA
ENSMUST00000001921.2,ENSMUSG00000001865,Cpa3,Cpa3-001,2.2370428153960056,0.8106615332339757,5.134879598530754e-4,7.335292037424879e-6,Up,NA
ENSMUST00000034859.14,ENSMUSG00000032309,Fbxo22,Fbxo22-001,2.497167350455299,1.0833545973003103,5.152090807580748e-4,7.43170643237647e-6,Up,NA
ENSMUST00000135634.1,ENSMUSG00000008730,Hipk1,Hipk1-006,2.907171175201578,1.0941466198411185,5.623916788597584e-4,2.5600535865819276e-5,Up,NA
ENSMUST00000035014.7,ENSMUSG00000032440,Tgfbr2,Tgfbr2-201,3.5824509296008697,1.335360495372579,6.083818828861374e-4,1.2016990490234434e-5,Up,NA
ENSMUST00000103142.11,ENSMUSG00000027605,Acss2,Acss2-003,10.08704323235906,1.9642953923699018,6.099156787232764e-4,1.2097655301866936e-5,Up,NA
ENSMUST00000172330.2,ENSMUSG00000031284,Pak3,Pak3-201,2.0809902585561266,0.7932368881676298,6.24514364450902e-4,4.531235040271401e-5,Up,NA
ENSMUST00000194676.5,ENSMUSG00000033793,Atp6v1h,Atp6v1h-007,3.2663657692507684,1.1606128914318925,6.280495588783324e-4,2.1965014048478044e-4,Up,NA
ENSMUST00000172422.7,ENSMUSG00000000194,Gpr107,Gpr107-002,3.1599069633742247,1.209842990983014,6.359131110744645e-4,1.3559914319358613e-5,Up,NA
ENSMUST00000167588.8,ENSMUSG00000036913,Trim67,Trim67-201,2.706662389991193,0.9212561365849783,6.416397090986972e-4,1.3957342405559793e-5,Up,NA
ENSMUST00000028859.7,ENSMUSG00000027380,Acoxl,Acoxl-001,5.102744815644826,1.6699250744826788,6.431234301036348e-4,3.4786237651550817e-4,Up,NA
ENSMUST00000024860.7,ENSMUSG00000024065,Ehd3,Ehd3-001,3.448406364268925,1.1221473255615169,6.823216018960028e-4,1.6596429951510692e-5,Up,NA
ENSMUST00000152415.1,ENSMUSG00000026833,Olfm1,Olfm1-004,3.957958431587825,1.3240849689436667,6.909018289582762e-4,1.7116846350826912e-5,Up,NA
ENSMUST00000029400.6,ENSMUSG00000027820,Mme,Mme-003,2.904456073846919,1.0387975416976036,7.018468298690189e-4,1.7831377330413716e-5,Up,NA
ENSMUST00000022340.4,ENSMUSG00000021806,Nid2,Nid2-201,2.4438527433301145,0.8572576150237918,7.220524325075731e-4,1.8979935456381505e-5,Up,NA
ENSMUST00000198499.4,ENSMUSG00000028007,Snx7,Snx7-005,2.1078712174947465,0.7635957338118278,7.38574572634398e-4,2.0181928780030856e-5,Up,NA
ENSMUST00000188211.7,ENSMUSG00000033499,Larp4b,Larp4b-001,2.257351032598982,0.8545497637955709,7.817060478596751e-4,2.3527974334542118e-5,Up,NA
ENSMUST00000156846.7,ENSMUSG00000039826,Trub2,Trub2-003,2.15088147506584,0.6653574922388562,7.937609303423055e-4,2.4511104963819266e-5,Up,NA
ENSMUST00000206637.1,ENSMUSG00000025153,Fasn,Fasn-005,6.443419632876441,1.9968099245492712,7.937609303423055e-4,5.255220769875962e-5,Up,Lipid metabolism
ENSMUST00000161009.6,ENSMUSG00000027774,Gfm1,Gfm1-002,3.186625757333513,1.340760895332714,8.015318546350131e-4,2.528120999521236e-5,Up,NA
ENSMUST00000029135.14,ENSMUSG00000027605,Acss2,Acss2-001,4.8597474547129975,1.3573509914364532,8.065504259809162e-4,2.5601981169232237e-5,Up,NA
ENSMUST00000123071.1,ENSMUSG00000038845,Phb,Phb-004,7.889425478123023,2.761459153456675,8.694548237879965e-4,3.101475762267648e-5,Up,NA
ENSMUST00000097014.6,ENSMUSG00000072235,Tuba1a,Tuba1a-001,2.6288819549050997,0.8633738592669973,8.994538066444739e-4,3.421716751914234e-5,Up,NA
ENSMUST00000137246.7,ENSMUSG00000028410,Dnaja1,Dnaja1-004,2.303378469724951,0.9570865643813198,9.108160775243342e-4,3.576953812350335e-5,Up,NA
ENSMUST00000177848.2,ENSMUSG00000021635,Rad17,Rad17-202,5.515376501572366,3.3023881936419426,9.644604546596166e-4,4.1005517113395315e-5,Up,NA
ENSMUST00000189698.6,ENSMUSG00000026201,Stk16,Stk16-014,2.7589840085371504,1.0487040532264824,9.72845461547698e-4,3.7532628176609547e-4,Up,NA
ENSMUST00000205890.1,ENSMUSG00000030695,Aldoa,Aldoa-012,3.0486323093877,1.1481667295836788,9.929076213800673e-4,4.456267909116525e-4,Up,Glycolytic enzymes and regulators
ENSMUST00000174180.7,ENSMUSG00000028399,Ptprd,Ptprd-014,3.5971904337785037,1.4631275667934502,0.0010434011615893584,5.108096483154372e-4,Up,NA
ENSMUST00000112584.7,ENSMUSG00000025332,Kdm5c,Kdm5c-002,2.1881955961696122,0.8361054792178266,0.001058643715751733,5.3104956844220324e-5,Up,NA
ENSMUST00000025656.3,ENSMUSG00000024747,Aldh1a7,Aldh1a7-001,2.39088634989276,0.7931930374646662,0.0010970275381860417,5.819727691394527e-5,Up,NA
ENSMUST00000134924.1,ENSMUSG00000022665,Ccdc80,Ccdc80-004,3.747386292111802,1.281377298916536,0.0011122361501423172,6.0245125785033895e-5,Up,NA
ENSMUST00000027886.13,ENSMUSG00000026594,Ralgps2,Ralgps2-007,7.12274022973613,2.6770006373118416,0.0012169800088535322,3.5424348417811304e-4,Up,NA
ENSMUST00000154784.7,ENSMUSG00000026761,Orc4,Orc4-004,2.383620267281288,0.9350081948069966,0.0012169800088535322,7.937449534917582e-4,Up,NA
ENSMUST00000036329.11,ENSMUSG00000038733,Wdr26,Wdr26-003,13.814867436266004,3.4349913566895967,0.0012356127748924862,7.739978539965781e-5,Up,NA
ENSMUST00000138558.2,ENSMUSG00000042759,Apobr,Apobr-004,12.760644292851897,2.4487926602153514,0.0012513253357563181,8.055040597406541e-4,Up,NA
ENSMUST00000163663.2,ENSMUSG00000031523,Dlc1,Dlc1-005,3.209879842221646,1.2428286741632872,0.0012583323931803102,8.122726208723127e-5,Up,NA
ENSMUST00000139264.1,ENSMUSG00000071793,2610005L07Rik,2610005L07Rik-002,6.5309419357836305,3.324997500970179,0.0012668327600348828,8.23665162753422e-5,Up,NA
ENSMUST00000029429.5,ENSMUSG00000027840,Wnt2b,Wnt2b-001,3.2125041784305974,1.203568167470213,0.0013296740446025856,9.145279390745837e-5,Up,NA
ENSMUST00000185175.1,ENSMUSG00000052040,Klf13,Klf13-003,4.206601044638996,1.6797784127298816,0.0013467431693030127,3.87171904964968e-4,Up,NA
ENSMUST00000125897.1,ENSMUSG00000022893,Adamts1,Adamts1-002,7.27407395239943,2.629800620066744,0.00140764299634547,1.8726213867790542e-4,Up,NA
ENSMUST00000152702.1,ENSMUSG00000050663,Trhde,Trhde-003,2.6219171583557315,0.9602857386183309,0.0014573234412743692,2.1010978726919663e-4,Up,NA
ENSMUST00000149411.7,ENSMUSG00000017801,Mlx,Mlx-004,6.400145995239594,2.867888366957777,0.00146187571062404,1.1427064634550182e-4,Up,NA
ENSMUST00000108797.7,ENSMUSG00000000826,Dnajc5,Dnajc5-003,3.140586023945176,1.1605423775496753,0.0016478333109879587,6.408729805047815e-4,Up,NA
ENSMUST00000165322.1,ENSMUSG00000025234,Arih1,Arih1-007,6.567273007938815,3.4166561632043275,0.0016641806009389856,1.5587267689177973e-4,Up,NA
ENSMUST00000076687.11,ENSMUSG00000026490,Cdc42bpa,Cdc42bpa-003,2.596781241980243,1.0204621961056575,0.001708611942099373,1.8551198577147367e-4,Up,NA
ENSMUST00000112479.8,ENSMUSG00000023249,Parp3,Parp3-002,7.436546952362688,2.6539764952182425,0.0017116569888040805,1.650849690193441e-4,Up,NA
ENSMUST00000137777.7,ENSMUSG00000030706,Mrpl48,Mrpl48-006,4.679716164210202,2.546708201078049,0.0017587764596226996,1.759738876344019e-4,Up,NA
ENSMUST00000139509.1,ENSMUSG00000022665,Ccdc80,Ccdc80-002,2.522127915855883,1.0317554973992937,0.0018020997229192053,1.8583534678155228e-4,Up,NA
ENSMUST00000159912.1,ENSMUSG00000055737,Ghr,Ghr-008,2.2309803980188216,0.7390484785918828,0.0018491455476847686,0.0014066363826435566,Up,NA
ENSMUST00000059826.9,ENSMUSG00000050556,Kcnb1,Kcnb1-001,3.5442023207800277,1.3040330297725866,0.001855806902676491,2.2621745801115517e-4,Up,NA
ENSMUST00000063278.6,ENSMUSG00000031980,Agt,Agt-201,2.105714866307053,0.7505555235198066,0.0019255404896844582,2.1705182877178287e-4,Up,NA
ENSMUST00000148389.7,ENSMUSG00000006010,BC003331,BC003331-005,2.5874532377225186,1.0131271490194673,0.001954744286800858,0.001342869804479517,Up,NA
ENSMUST00000034497.7,ENSMUSG00000043613,Mmp3,Mmp3-201,3.1473896935998242,1.2802940715430973,0.002026127550135015,3.1910081144232393e-4,Up,NA
ENSMUST00000111665.7,ENSMUSG00000050043,Tmx2,Tmx2-001,5.954410010533026,2.8484549113496427,0.002026127550135015,2.462636776046789e-4,Up,NA
ENSMUST00000028522.9,ENSMUSG00000027111,Itga6,Itga6-001,2.2776705111859705,0.8031972421046362,0.0020372873613404654,2.500575499690283e-4,Up,NA
ENSMUST00000055655.8,ENSMUSG00000025153,Fasn,Fasn-001,3.1838434328917815,1.1260083610246738,0.002047877387423281,2.5272356154484345e-4,Up,Lipid metabolism
ENSMUST00000109178.7,ENSMUSG00000020366,Mapk9,Mapk9-005,2.375208128236864,0.9488952376995351,0.002108643128751097,0.0012003993399869088,Up,NA
ENSMUST00000131456.1,ENSMUSG00000023224,Serping1,Serping1-003,2.1992955960364275,0.858204481302687,0.0021334164032551462,2.7935155270686644e-4,Up,NA
ENSMUST00000194613.1,ENSMUSG00000026701,Prdx6,Prdx6-009,2.3996024424378737,0.874178516079106,0.002134418603993785,2.7973266999929805e-4,Up,NA
ENSMUST00000059295.9,ENSMUSG00000049303,Syt12,Syt12-001,2.033368923022466,0.7133359451365442,0.00213709658952216,2.8051017453337943e-4,Up,NA
ENSMUST00000130454.7,ENSMUSG00000030353,Tead4,Tead4-002,2.476433841701663,0.9066933153261789,0.0021411805660007575,2.8247256915472647e-4,Up,NA
ENSMUST00000136652.7,ENSMUSG00000030615,Tmem126a,Tmem126a-002,2.138401558430964,0.829717131927702,0.002217919061991743,3.040741481249918e-4,Up,NA
ENSMUST00000159985.1,ENSMUSG00000031936,Hephl1,Hephl1-001,34.238289829248764,2.5441951837298427,0.0023343013600703763,3.37884994165579e-4,Up,NA
ENSMUST00000186648.6,ENSMUSG00000026219,Trip12,Trip12-006,16.823913871829426,3.703410994996292,0.0023810785640728813,3.5295893419992613e-4,Up,NA
ENSMUST00000071402.6,ENSMUSG00000041220,Elovl6,Elovl6-001,3.4725013331290073,1.0806761906298126,0.002513565013173862,3.9301603445933577e-4,Up,NA
ENSMUST00000029440.9,ENSMUSG00000027848,Olfml3,Olfml3-001,3.135520985075103,1.3839966094731155,0.002545658433939704,4.0396641433816953e-4,Up,NA
ENSMUST00000168747.2,ENSMUSG00000025324,Atp10a,Atp10a-201,2.115577257824875,0.6776977787416476,0.002580370616828413,4.1557785197093367e-4,Up,NA
ENSMUST00000025561.7,ENSMUSG00000024659,Anxa1,Anxa1-001,2.159332640387144,0.7406804500932042,0.002614770106998528,4.295725469758927e-4,Up,NA
ENSMUST00000151361.1,ENSMUSG00000029598,Plbd2,Plbd2-002,7.28754091328526,3.6372795001472444,0.0026203006542106556,4.3246412672670365e-4,Up,NA
ENSMUST00000113307.8,ENSMUSG00000026819,Slc25a25,Slc25a25-003,2.3831321990333403,0.9269824888634725,0.002634484688062232,4.3863741562579736e-4,Up,NA
ENSMUST00000029942.7,ENSMUSG00000028274,Rngtt,Rngtt-001,3.743366758769735,3.1777677295372246,0.002634484688062232,4.383705581819971e-4,Up,NA
ENSMUST00000121820.8,ENSMUSG00000058297,Spock2,Spock2-001,2.8426685363303514,1.3563823234513444,0.002636997815474776,4.3956136924918764e-4,Up,NA
ENSMUST00000036497.15,ENSMUSG00000002997,Prkar2b,Prkar2b-001,2.035319376729677,0.735649427590101,0.002681124618817555,4.5347904693772564e-4,Up,NA
ENSMUST00000130278.1,ENSMUSG00000027074,Slc43a3,Slc43a3-003,3.209711875922093,1.2385008320997108,0.0028138068358046944,0.0024013064620829034,Up,NA
ENSMUST00000148795.1,ENSMUSG00000020936,Nmt1,Nmt1-003,3.2239177787999354,1.3109221632223262,0.0028280697435198723,0.002275439120889398,Up,NA
ENSMUST00000150941.7,ENSMUSG00000002059,Rab34,Rab34-002,6.265884973551111,3.4895711393360207,0.0028305723655378725,5.09171653513277e-4,Up,NA
ENSMUST00000203828.2,ENSMUSG00000028760,Eif4g3,Eif4g3-013,2.0658456570239894,0.7660147832602142,0.002863205820410629,5.218877147188661e-4,Up,NA
ENSMUST00000151642.7,ENSMUSG00000004846,Plod3,Plod3-004,2.7261544630512335,1.040498617915306,0.0028638209153684126,5.791332591504331e-4,Up,NA
ENSMUST00000080435.8,ENSMUSG00000039952,Dag1,Dag1-002,3.690999482497845,1.2583649122092573,0.0030331734528691915,5.853544999731687e-4,Up,NA
ENSMUST00000201545.1,ENSMUSG00000032867,Fbxw8,Fbxw8-002,3.536830124704803,1.3802941480492341,0.0030729256885724133,0.001892909824284158,Up,NA
ENSMUST00000144303.1,ENSMUSG00000004849,Ap1s1,Ap1s1-005,7.35266990858656,2.711596363604926,0.003099523862022747,6.192640976333886e-4,Up,NA
ENSMUST00000132065.7,ENSMUSG00000042190,Cmklr1,Cmklr1-002,5.547264154828318,2.4152096304045005,0.003169283668222341,6.458398361256646e-4,Up,NA
ENSMUST00000150778.1,ENSMUSG00000026492,Tfb2m,Tfb2m-004,3.7608314744667757,2.5036245676140028,0.003169283668222341,0.001572709829333783,Up,NA
ENSMUST00000159784.7,ENSMUSG00000021794,Glud1,Glud1-003,4.963082013497074,2.1607984373316103,0.0032877903933741597,6.940118226175283e-4,Up,NA
ENSMUST00000049966.5,ENSMUSG00000030058,Copg1,Copg1-003,2.194141312405053,0.8637290771734697,0.003367502585197866,0.0022183791425724035,Up,NA
ENSMUST00000133589.7,ENSMUSG00000022961,Son,Son-009,2.45511023166716,0.9219714159027947,0.003383417833874032,0.0028039727105452646,Up,NA
ENSMUST00000182481.7,ENSMUSG00000024998,Plce1,Plce1-002,2.5870131153674567,1.0394762027514246,0.0033859045369527374,7.39477559426468e-4,Up,NA
ENSMUST00000135817.2,ENSMUSG00000001918,Slc1a5,Slc1a5-003,2.415111990534868,0.947067036947708,0.0035290288899918133,8.025431842688498e-4,Up,NA
ENSMUST00000081848.12,ENSMUSG00000059743,Fdps,Fdps-001,2.158583920476861,0.8870548881176115,0.003591104401942575,8.281610636216278e-4,Up,NA
ENSMUST00000170473.7,ENSMUSG00000029701,Rbm28,Rbm28-003,2.1916334207094867,0.7605531972468536,0.003681481025632928,0.003184242381495026,Up,NA
ENSMUST00000032462.8,ENSMUSG00000030317,Timp4,Timp4-001,2.2017187923644554,0.8616411145593216,0.0037383664136647413,8.938235087068312e-4,Up,NA
ENSMUST00000061632.7,ENSMUSG00000050663,Trhde,Trhde-001,2.3638779196670665,0.875328354864218,0.0038035048023464463,9.242523296573373e-4,Up,NA
ENSMUST00000098275.8,ENSMUSG00000028207,Asph,Asph-018,7.806077638883049,2.120777097341612,0.003806537431444362,0.003529546644226812,Up,NA
ENSMUST00000198180.4,ENSMUSG00000068823,Csde1,Csde1-002,8.098221897884073,4.495045057519985,0.003821550934216984,9.338672491322371e-4,Up,NA
ENSMUST00000070756.11,ENSMUSG00000029778,Adcyap1r1,Adcyap1r1-002,3.666697017853327,1.206579897235677,0.003888803359014291,9.658343816330077e-4,Up,NA
ENSMUST00000091707.12,ENSMUSG00000006611,Hfe,Hfe-003,2.2984201845627235,0.8026872942595709,0.003921587194785363,9.829018946826697e-4,Up,NA
ENSMUST00000043077.7,ENSMUSG00000035686,Thrsp,Thrsp-001,2.9223551028417303,1.0449197361082334,0.0039678798172127815,0.0010062722872827103,Up,NA
ENSMUST00000198633.4,ENSMUSG00000014668,Chfr,Chfr-005,4.944411655041696,2.5287524331754208,0.004114717068734943,0.003248271765640576,Up,NA
ENSMUST00000182797.7,ENSMUSG00000058690,Ccser2,Ccser2-005,4.774154164504117,2.70050578189817,0.004114717068734943,0.0010859033987383182,Up,NA
ENSMUST00000199728.1,ENSMUSG00000045294,Insig1,Insig1-002,3.438072385208213,1.1004867717058922,0.004247428457279852,0.001147779710396089,Up,NA
ENSMUST00000139387.7,ENSMUSG00000026701,Prdx6,Prdx6-003,5.775919197797362,2.5254150316566877,0.004302315841437516,0.0011714689326591137,Up,NA
ENSMUST00000132956.7,ENSMUSG00000018819,Lsp1,Lsp1-007,2.3285149596438512,0.8191597911328707,0.004310814740544368,0.003977808939822494,Up,NA
ENSMUST00000071106.5,ENSMUSG00000021254,Gpatch2l,Gpatch2l-201,2.9702574490355125,1.389903163300277,0.0043131210877110915,0.0024763592691362008,Up,NA
ENSMUST00000006949.8,ENSMUSG00000006764,Tph2,Tph2-001,7.984550580392117,1.8501493094559667,0.00432575967999969,0.0011854220581660792,Up,NA
ENSMUST00000206558.1,ENSMUSG00000058966,Fam57b,Fam57b-005,3.9296026997357187,1.8731525093057726,0.00443486260240985,0.0023115098118431333,Up,NA
ENSMUST00000115461.7,ENSMUSG00000045983,Eif4g1,Eif4g1-004,6.749608237446559,4.029601265482092,0.004473757685469678,0.001260660447304185,Up,NA
ENSMUST00000096257.2,ENSMUSG00000071656,Lrrn4cl,Lrrn4cl-201,2.6476760150897682,0.8701902504071093,0.004483947149243417,0.0012656695875953735,Up,NA
ENSMUST00000194201.5,ENSMUSG00000027763,Mbnl1,Mbnl1-008,6.883606950342703,2.597779336179853,0.0045143135171965545,0.0012801837778771469,Up,NA
ENSMUST00000027979.13,ENSMUSG00000026667,Uhmk1,Uhmk1-001,5.214965677942317,3.537848482271003,0.004808380910706794,0.0014398773490640225,Up,NA
ENSMUST00000033473.11,ENSMUSG00000031137,Fgf13,Fgf13-001,4.8448726033373974,1.4233063535574186,0.004834923038953917,0.0014525290855826594,Up,NA
ENSMUST00000001456.10,ENSMUSG00000001420,Tmem79,Tmem79-001,6.6948337221312535,2.251632986334239,0.00495879087614434,0.0015168099043482857,Up,NA
ENSMUST00000064231.7,ENSMUSG00000052396,Mogat2,Mogat2-001,7.617864056736284,1.7298607338626988,0.005154166411233305,0.0016180174137700712,Up,NA
ENSMUST00000130876.1,ENSMUSG00000026623,Lpgat1,Lpgat1-005,4.593229034457512,1.607886843222014,0.005154166411233305,0.001926849711390827,Up,Lipid metabolism
ENSMUST00000197574.1,ENSMUSG00000002944,Cd36,Cd36-007,2.5268714529360463,1.055065273683604,0.005162396573778215,0.0016247258324184354,Up,Lipid metabolism
ENSMUST00000198389.4,ENSMUSG00000027708,Dcun1d1,Dcun1d1-002,2.080097820215407,0.8193041718232258,0.0052289408755413136,0.00314862181434609,Up,NA
ENSMUST00000168864.3,ENSMUSG00000037206,Islr,Islr-202,2.432021872077763,0.8587731401406027,0.005510759712487846,0.0018402143539363732,Up,NA
ENSMUST00000160902.7,ENSMUSG00000032115,Hyou1,Hyou1-003,2.5425409372744334,0.9541140694738414,0.005510759712487846,0.0018405605680023734,Up,NA
ENSMUST00000026190.13,ENSMUSG00000025185,Loxl4,Loxl4-001,2.441981609280197,0.7857262621614821,0.005704416676799144,0.0019690025946284113,Up,NA
ENSMUST00000006424.7,ENSMUSG00000006262,Mob1b,Mob1b-002,4.225802336088261,3.2153108949391553,0.005704416676799144,0.001968595327785864,Up,NA
ENSMUST00000102843.9,ENSMUSG00000020458,Rtn4,Rtn4-005,4.198545947103087,4.0883752782642295,0.005849313500603314,0.002069871955704698,Up,NA
ENSMUST00000151289.7,ENSMUSG00000040451,Sgms1,Sgms1-004,2.046356679568544,0.8043447560210834,0.006011781573644117,0.0021744403871278217,Up,NA
ENSMUST00000094154.5,ENSMUSG00000070436,Serpinh1,Serpinh1-201,2.24840367784588,0.7011904213984522,0.006017775186286863,0.0021810159000420996,Up,NA
ENSMUST00000155800.1,ENSMUSG00000022665,Ccdc80,Ccdc80-005,3.6046996562713183,1.7129755253855634,0.00606628066041085,0.0022163354057794034,Up,NA
ENSMUST00000106957.7,ENSMUSG00000061086,Myl4,Myl4-003,2.010183501070787,0.7969772804400701,0.006175382062984856,0.0022905806811921274,Up,NA
ENSMUST00000134864.1,ENSMUSG00000036585,Fgf1,Fgf1-006,3.165238721412823,1.2161161686225994,0.006271862717515534,0.004963787908291852,Up,NA
ENSMUST00000156134.7,ENSMUSG00000017664,Slc35c2,Slc35c2-010,4.904821440882906,2.0930114339069257,0.006771040506465191,0.0046852448628811145,Up,NA
ENSMUST00000120512.7,ENSMUSG00000041390,Mdfic,Mdfic-004,3.39888209155082,1.2478001234593568,0.006908888575076643,0.005122443339636803,Up,NA
ENSMUST00000171203.1,ENSMUSG00000024772,Ehd1,Ehd1-004,3.547405811564223,1.5760187662840957,0.006959062223104144,0.0031440738541941207,Up,NA
ENSMUST00000202068.1,ENSMUSG00000107039,Ehd1,Ehd1-004,3.547405811564223,1.5760187662840957,0.006959062223104144,0.0031440738541941207,Up,NA
ENSMUST00000107201.8,ENSMUSG00000046722,Cdc42se1,Cdc42se1-002,9.779348521292622,2.9152573644917075,0.006989008006151915,0.0028651389732490323,Up,NA
ENSMUST00000145265.1,ENSMUSG00000020946,Gosr2,Gosr2-003,4.051078078123921,1.7247705157952078,0.006989008006151915,0.0028661548255393843,Up,NA
ENSMUST00000143521.1,ENSMUSG00000031400,G6pdx,G6pdx-004,3.2349691707597596,1.1194779829734507,0.00708981661322879,0.0054699049450867235,Up,NA
ENSMUST00000106950.7,ENSMUSG00000099481,Xndc1,Xndc1-001,3.8088356561667758,2.622577107731256,0.007170271686945993,0.005787845146056773,Up,NA
ENSMUST00000109132.9,ENSMUSG00000027502,Rtfdc1,Rtfdc1-003,4.1420796742650445,2.197935015189462,0.007211705581722607,0.006006596055743309,Up,NA
ENSMUST00000160740.7,ENSMUSG00000021614,Vcan,Vcan-008,2.6540126046686026,0.8816387655801542,0.0073356329597529454,0.003118332776875792,Up,NA
ENSMUST00000126335.1,ENSMUSG00000029313,Aff1,Aff1-003,2.475618615330546,0.9961524061403039,0.007641747949607515,0.004691336083772647,Up,NA
ENSMUST00000096066.4,ENSMUSG00000071553,Cpa2,Cpa2-001,3.0170989693076966,1.025356964543492,0.007729805542253991,0.007025997337382489,Up,NA
ENSMUST00000117870.8,ENSMUSG00000015656,Hspa8,Hspa8-009,4.311460111488308,3.39726163573496,0.007914527627852865,0.0035539543386088833,Up,NA
ENSMUST00000135361.7,ENSMUSG00000029388,Eif2b1,Eif2b1-005,8.27337745490761,2.1905072701893653,0.007968853683378418,0.00511433197112926,Up,NA
ENSMUST00000082432.4,ENSMUSG00000007682,Dio2,Dio2-201,3.8793408411823207,1.1908846061482055,0.008008859516815592,0.003630379141581538,Up,NA
ENSMUST00000131054.1,ENSMUSG00000027605,Acss2,Acss2-005,2.991487232070381,0.8774624319291912,0.008022604474047157,0.003652462193653812,Up,NA
ENSMUST00000019071.3,ENSMUSG00000018927,Ccl6,Ccl6-001,2.3352532057148356,0.8663152747200078,0.008043622456849801,0.0036731926611547013,Up,NA
ENSMUST00000067190.11,ENSMUSG00000054263,Lifr,Lifr-201,3.362030273414961,1.2503750317138562,0.008111576038976573,0.008135117043970705,Up,NA
ENSMUST00000155276.2,ENSMUSG00000025153,Fasn,Fasn-003,2.3316969916259236,0.8407285693376689,0.008201653779576958,0.0037992959184026567,Up,Lipid metabolism
ENSMUST00000123723.1,ENSMUSG00000058594,Fbxo18,Fbxo18-007,9.042216869483312,2.6100601274178366,0.008312336064466089,0.003877654747985033,Up,NA
ENSMUST00000155265.1,ENSMUSG00000040111,Gramd1b,Gramd1b-009,4.319683624964535,1.7372141264118597,0.00836713058989912,0.0039205583415798245,Up,NA
ENSMUST00000186129.6,ENSMUSG00000026193,Fn1,Fn1-002,10.474564454286249,3.9205306065332266,0.008654196133005686,0.004144330601049043,Up,NA
ENSMUST00000161266.1,ENSMUSG00000022234,Cct5,Cct5-003,2.7749428733590036,1.078388661397738,0.008785676505214291,0.008871670525592708,Up,NA
ENSMUST00000101326.9,ENSMUSG00000057098,Ebf1,Ebf1-002,2.20705930677237,1.0453146103519684,0.00906149005153461,0.004446490344102501,Up,NA
ENSMUST00000119284.7,ENSMUSG00000024070,Prkd3,Prkd3-002,4.6326839028392035,3.063704119793923,0.009329010892491498,0.004681222024904444,Up,NA
ENSMUST00000151781.1,ENSMUSG00000027605,Acss2,Acss2-002,5.600161863631922,1.4551332929111702,0.009376703267510585,0.006224964993441621,Up,NA
ENSMUST00000038144.8,ENSMUSG00000042379,Esm1,Esm1-001,2.491793926803339,1.0136136955253852,0.009391345826919832,0.004719121987299256,Up,NA
ENSMUST00000204701.2,ENSMUSG00000026753,Ppp6c,Ppp6c-003,3.054714697230399,2.928233112602704,0.009500885411665176,0.0048139847443137915,Up,NA
ENSMUST00000147819.7,ENSMUSG00000019437,Tlcd1,Tlcd1-002,2.4234223426575867,0.8584500743634346,0.009770181912660792,0.005057678291893094,Up,NA
ENSMUST00000059155.10,ENSMUSG00000045294,Insig1,Insig1-001,2.8969771246781386,0.8499542109840055,0.009988119081213243,0.00523808666256088,Up,NA
ENSMUST00000132509.3,ENSMUSG00000033917,Gde1,Gde1-002,6.649394099779161,2.941944807739567,0.010022850253071492,0.005268952448887712,Up,NA
ENSMUST00000137456.7,ENSMUSG00000003038,Hmgn2,Hmgn2-010,2.6332506108860634,0.9309407247993767,0.010166060719991696,0.010238471552964439,Up,NA
ENSMUST00000133485.7,ENSMUSG00000018572,Phf23,Phf23-009,8.239083046498116,2.855451150146915,0.010368278793859322,0.005746908849098362,Up,NA
ENSMUST00000170050.7,ENSMUSG00000022255,Mtdh,Mtdh-008,2.792154781782968,1.3370677025613669,0.010426933211134129,0.010827821543914432,Up,NA
ENSMUST00000033769.14,ENSMUSG00000031392,Irak1,Irak1-003,2.601673442903069,1.0077329060188849,0.010429740693374415,0.00563452412375661,Up,NA
ENSMUST00000192509.5,ENSMUSG00000026074,Map4k4,Map4k4-002,4.734546526934508,3.0613858993394354,0.010775194880911838,0.005938126525500179,Up,NA
ENSMUST00000139863.2,ENSMUSG00000035168,Tanc1,Tanc1-011,6.385714292354673,3.537808370074177,0.011429354029110998,0.00651652700768932,Up,NA
ENSMUST00000201448.3,ENSMUSG00000029924,Slc37a3,Slc37a3-002,3.36569126443087,2.926643730571844,0.01145814380589364,0.006532281997115855,Up,NA
ENSMUST00000153847.1,ENSMUSG00000015656,Hspa8,Hspa8-006,5.732090828198444,3.4135111398653035,0.011548876426507409,0.006606289288224733,Up,NA
ENSMUST00000159448.7,ENSMUSG00000037351,Actr1b,Actr1b-002,7.203335948246426,2.0746950770518713,0.011565965808469653,0.009838455326721037,Up,NA
ENSMUST00000185715.6,ENSMUSG00000002102,Psmc3,Psmc3-010,4.53783490158594,3.1034354517685654,0.011640127836894618,0.0067015424224817054,Up,NA
ENSMUST00000119299.7,ENSMUSG00000034160,Ogt,Ogt-002,2.850632453515571,2.5409809691383143,0.011640127836894618,0.006696975290548969,Up,NA
ENSMUST00000179391.7,ENSMUSG00000078786,BC024978,BC024978-201,3.924684921691425,1.9667809551593376,0.01182212668379515,0.006878150247848387,Up,NA
ENSMUST00000151806.7,ENSMUSG00000039205,Ciz1,Ciz1-013,4.311877012454319,2.3289338512614437,0.01204607774708802,0.009787625454145115,Up,NA
ENSMUST00000202122.1,ENSMUSG00000029238,Clock,Clock-002,3.6631073646907915,1.7264017711409587,0.012309829931693179,0.007369346753151785,Up,Circadian rhythm
ENSMUST00000180459.2,ENSMUSG00000030738,Eif3c,Eif3c-003,2.4067588902687636,1.0270475248852973,0.01259840536919936,0.007704807029493898,Up,NA
ENSMUST00000144978.1,ENSMUSG00000020321,Mdh1,Mdh1-003,2.508498002745803,1.2483077710303097,0.012664651912452066,0.007763122648555331,Up,NA
ENSMUST00000160635.7,ENSMUSG00000023010,Tmbim6,Tmbim6-004,4.12959939361318,1.5802574123445556,0.012693936073755656,0.00919150077296903,Up,NA
ENSMUST00000148242.7,ENSMUSG00000018761,Mpdu1,Mpdu1-009,2.046271567103918,0.6798130918179178,0.01273596603865561,0.007851601232831237,Up,NA
ENSMUST00000141650.7,ENSMUSG00000027074,Slc43a3,Slc43a3-005,2.574566276532643,1.0504433463492673,0.01276549899045361,0.007879257506933725,Up,NA
ENSMUST00000205816.1,ENSMUSG00000055024,Ep300,Ep300-008,3.9348451061831824,2.0975638959363794,0.012789187550595934,0.007894568292400693,Up,NA
ENSMUST00000123488.7,ENSMUSG00000050608,Minos1,Minos1-003,3.233334644282213,2.561967879025907,0.01282147409234751,0.007926469274421925,Up,NA
ENSMUST00000146171.1,ENSMUSG00000024712,Rfk,Rfk-003,2.8767702661840993,2.392355557867286,0.012966894093514108,0.0080663439477381,Up,NA
ENSMUST00000057767.5,ENSMUSG00000049436,Upk1b,Upk1b-201,2.025795804159328,0.7530083247174412,0.013099324180076295,0.00821884808525049,Up,NA
ENSMUST00000039305.5,ENSMUSG00000020264,Slc36a2,Slc36a2-001,2.016216686543394,0.7094690012145541,0.013185238313315901,0.008292171561610344,Up,NA
ENSMUST00000186528.6,ENSMUSG00000025917,Cops5,Cops5-006,2.3533902738951067,1.0218351535981416,0.013211727608173747,0.008321014915752548,Up,NA
ENSMUST00000197660.4,ENSMUSG00000053819,Camk2d,Camk2d-019,2.0626236823975455,2.15532967013223,0.013283101039353418,0.008398891768726777,Up,NA
ENSMUST00000125560.1,ENSMUSG00000020264,Slc36a2,Slc36a2-002,2.2222060700219655,0.837460733927304,0.013369241369078787,0.008497333781442913,Up,NA
ENSMUST00000138159.1,ENSMUSG00000020057,Dram1,Dram1-003,2.1065381533863032,0.7889034661190987,0.013400503876836022,0.008540714402090472,Up,NA
ENSMUST00000138145.1,ENSMUSG00000018927,Ccl6,Ccl6-002,2.331407263503926,0.8029413223920296,0.013432851694636441,0.008572607989750123,Up,NA
ENSMUST00000149566.1,ENSMUSG00000043716,Rpl7,Rpl7-003,2.3260871094848565,1.1820055139021095,0.01346292829323041,0.008611682483942737,Up,NA
ENSMUST00000048993.11,ENSMUSG00000035834,Polr3g,Polr3g-001,2.1596453647283256,0.6825699489935236,0.013790550505032757,0.008966828934045164,Up,NA
ENSMUST00000146234.7,ENSMUSG00000042133,Ppig,Ppig-006,3.334096247337729,2.202135240663508,0.013952385740538973,0.00914740538617619,Up,NA
ENSMUST00000034796.13,ENSMUSG00000032262,Elovl4,Elovl4-001,3.8004200861368056,1.6165018981228498,0.013990343101757811,0.00957325545869503,Up,NA
ENSMUST00000141012.1,ENSMUSG00000027247,Arhgap1,Arhgap1-005,3.050513218196962,1.3668485955157852,0.014213221570081017,0.014231568168668184,Up,NA
ENSMUST00000107585.8,ENSMUSG00000078695,Cisd3,Cisd3-003,3.40153779816015,1.7289531239356968,0.014600368794266908,0.009787625454145115,Up,NA
ENSMUST00000125389.1,ENSMUSG00000018761,Mpdu1,Mpdu1-008,4.480934717564581,1.377841635688666,0.014615730714797878,0.009805043908668426,Up,NA
ENSMUST00000204726.1,ENSMUSG00000009394,Syn2,Syn2-005,3.7111483046894738,1.4068280438432228,0.014646963283765552,0.01600009753194904,Up,NA
ENSMUST00000164587.1,ENSMUSG00000024659,Anxa1,Anxa1-007,3.689583399892378,2.018581461253629,0.014749088475793704,0.009957068264320051,Up,NA
ENSMUST00000084985.10,ENSMUSG00000017843,Ppp2r5c,Ppp2r5c-201,2.0682301464444888,0.7840241216352782,0.014853999236605455,0.013783976101274216,Up,NA
ENSMUST00000108219.2,ENSMUSG00000027674,Pex5l,Pex5l-003,4.2562330075195955,1.5890540308822168,0.014983984488449311,0.016382727121469372,Up,NA
ENSMUST00000004987.15,ENSMUSG00000004865,Srpk1,Srpk1-002,3.6965355314633723,2.193803589178148,0.015194089156221901,0.010381713221471009,Up,NA
ENSMUST00000142716.2,ENSMUSG00000029761,Cald1,Cald1-010,4.004633336706882,1.8818711383005986,0.015347813124172658,0.010542767278710062,Up,NA
ENSMUST00000065973.8,ENSMUSG00000027605,Acss2,Acss2-008,3.7156727822337645,1.5882908545112409,0.01574574100423699,0.011011940200186879,Up,NA
ENSMUST00000038867.12,ENSMUSG00000038084,Opa1,Opa1-003,3.2478782176252383,1.1952164875650544,0.01595656400645544,0.017571752570841367,Up,NA
ENSMUST00000114773.9,ENSMUSG00000023092,Fhl1,Fhl1-006,4.106580440034571,3.504022974137346,0.016237576612456457,0.011523640017505707,Up,NA
ENSMUST00000206196.1,ENSMUSG00000004610,Etfb,Etfb-005,3.4209220037783123,3.2372791474381866,0.016365011080083387,0.011672874366770707,Up,NA
ENSMUST00000107162.7,ENSMUSG00000048078,Tenm4,Tenm4-001,2.861711410855479,1.1399844722398744,0.016423423365351346,0.011729201521839986,Up,NA
ENSMUST00000025582.10,ENSMUSG00000024679,Ms4a6d,Ms4a6d-001,2.0921734678771826,0.7433897125918325,0.016558492856395254,0.011878771442024828,Up,NA
ENSMUST00000115321.8,ENSMUSG00000039841,Zfp800,Zfp800-003,2.293634267984049,2.224720632744578,0.01668669808867206,0.0120216117527542,Up,NA
ENSMUST00000136162.7,ENSMUSG00000024712,Rfk,Rfk-002,5.787296193610576,2.474115041428361,0.0167153346288724,0.01205168964303119,Up,NA
ENSMUST00000109546.8,ENSMUSG00000021614,Vcan,Vcan-001,2.483517651477254,0.773007310469834,0.017013757778852345,0.012404545394908343,Up,NA
ENSMUST00000167466.1,ENSMUSG00000020964,Sel1l,Sel1l-006,3.5249876987800635,1.46696765526755,0.01710111472753907,0.018862870943980294,Up,NA
ENSMUST00000098032.10,ENSMUSG00000058966,Fam57b,Fam57b-201,2.9007740722690745,1.0922114617406353,0.017317393685249288,0.01931103937346898,Up,NA
ENSMUST00000115341.10,ENSMUSG00000022884,Eif4a2,Eif4a2-014,4.378151900859893,3.310654705804247,0.01738836810153864,0.012836298508222758,Up,NA
ENSMUST00000110362.3,ENSMUSG00000022285,Ywhaz,Ywhaz-003,2.643031559857671,1.187716563208451,0.01741989763888837,0.012895338067102812,Up,NA
ENSMUST00000114325.7,ENSMUSG00000026037,Orc2,Orc2-002,3.3345277184913598,2.584004075634878,0.01745189115381235,0.012955639110900306,Up,NA
ENSMUST00000199910.4,ENSMUSG00000041220,Elovl6,Elovl6-003,5.551082260744284,1.77176411071175,0.017958528053248782,0.013503260212463787,Up,NA
ENSMUST00000165331.7,ENSMUSG00000052337,Immt,Immt-003,3.2089675718060398,1.3852621455130871,0.018704748644796633,0.014348154643520709,Up,NA
ENSMUST00000170035.7,ENSMUSG00000022636,Alcam,Alcam-004,3.228512640798299,2.1850842357831928,0.018721675213829624,0.014361493614884722,Up,NA
ENSMUST00000031477.8,ENSMUSG00000029502,Golga3,Golga3-002,3.95353388541204,1.808966555679861,0.0187646811300947,0.01440932130166288,Up,NA
ENSMUST00000128986.7,ENSMUSG00000018819,Lsp1,Lsp1-006,2.516959658481841,0.8027757185506528,0.018807381919121676,0.021230296470169135,Up,NA
ENSMUST00000152282.1,ENSMUSG00000050663,Trhde,Trhde-002,3.0322006772935706,1.0791439858398992,0.018853072900767955,0.020943764601897157,Up,NA
ENSMUST00000014118.3,ENSMUSG00000013974,Mcemp1,Mcemp1-201,2.733721640003182,0.7680073807557115,0.01923676734332629,0.015011804219157088,Up,NA
ENSMUST00000202237.3,ENSMUSG00000029152,Ociad1,Ociad1-009,6.626994155047847,2.7869376512988215,0.019237994585660754,0.015015881053932157,Up,NA
ENSMUST00000112201.7,ENSMUSG00000014959,Gorasp2,Gorasp2-002,4.688121567907262,2.2929632190254194,0.019287897180064514,0.015101458142805871,Up,NA
ENSMUST00000097666.3,ENSMUSG00000036707,Cab39,Cab39-002,3.498066985110858,1.3468444140422082,0.01979614545780716,0.021666539289354515,Up,NA
ENSMUST00000100302.3,ENSMUSG00000050965,Prkca,Prkca-004,2.4039455173383506,0.9611146313625685,0.019882649860680206,0.01581950957883286,Up,NA
ENSMUST00000098080.8,ENSMUSG00000048787,Dcun1d3,Dcun1d3-003,3.2276990562033534,1.6802636994027622,0.020553509899002266,0.01657007804988389,Up,NA
ENSMUST00000018586.5,ENSMUSG00000018442,Derl2,Derl2-005,5.090563334884602,2.3424717878243073,0.02129569113337568,0.017493647343258305,Up,NA
ENSMUST00000136131.1,ENSMUSG00000019122,Ccl9,Ccl9-002,3.1392602092401156,1.6251373297597378,0.021357657948825378,0.017571752570841367,Up,NA
ENSMUST00000137619.1,ENSMUSG00000039640,Mrpl12,Mrpl12-002,3.7262472723776914,1.7585950258120169,0.021392859688937022,0.017664686180161787,Up,NA
ENSMUST00000135065.1,ENSMUSG00000059923,Grb2,Grb2-005,6.88029113991923,2.4188581084390135,0.021671425428548066,0.01803381868060614,Up,NA
ENSMUST00000192776.1,ENSMUSG00000027775,Mfsd1,Mfsd1-003,5.206997456911118,2.543346541464443,0.021671425428548066,0.01803381868060614,Up,NA
ENSMUST00000028499.10,ENSMUSG00000027087,Itgav,Itgav-001,2.4565028839918,1.0731009944211134,0.021766355830877483,0.025067704406395955,Up,NA
ENSMUST00000023039.14,ENSMUSG00000022403,St13,St13-004,2.651791344767602,2.2471568581365564,0.021807935802650502,0.018229318090062133,Up,NA
ENSMUST00000142851.7,ENSMUSG00000026761,Orc4,Orc4-008,9.181949368081904,2.365549372854811,0.021864199559305564,0.01831122509595795,Up,NA
ENSMUST00000200607.4,ENSMUSG00000045078,Rnf216,Rnf216-002,2.338257505695743,0.9238063913472864,0.022140124725131886,0.025506010610677275,Up,NA
ENSMUST00000206414.1,ENSMUSG00000049580,Tsku,Tsku-002,3.387944040119829,1.4676517738119574,0.022140124725131886,0.025558402775728125,Up,NA
ENSMUST00000147217.1,ENSMUSG00000028108,Ecm1,Ecm1-003,2.59353500356419,0.9287144182081798,0.022140124725131886,0.025399791568895654,Up,NA
ENSMUST00000141754.1,ENSMUSG00000028788,Ptp4a2,Ptp4a2-006,4.6507785432604924,2.337958496564722,0.022201278119082537,0.018731802537074294,Up,NA
ENSMUST00000169547.8,ENSMUSG00000038178,Slc43a2,Slc43a2-201,3.3063571791320547,2.084942468615514,0.022235303171872826,0.018799023165800746,Up,NA
ENSMUST00000082177.12,ENSMUSG00000025332,Kdm5c,Kdm5c-004,3.7163692018966423,2.4217076043569703,0.022283923073062407,0.018859828735892148,Up,NA
ENSMUST00000145325.1,ENSMUSG00000033096,Apmap,Apmap-002,2.537837366288835,0.9993042096510514,0.022398295955741526,0.026309525153830813,Up,NA
ENSMUST00000113123.7,ENSMUSG00000038696,Mapkap1,Mapkap1-005,4.699858379261163,2.7370704584388714,0.022438530121068886,0.019029221561915586,Up,NA
ENSMUST00000070630.6,ENSMUSG00000056481,Cd248,Cd248-201,2.2993724556812296,0.6827778227013791,0.022516126935157647,0.019118168127876364,Up,NA
ENSMUST00000176693.7,ENSMUSG00000029772,Ahcyl2,Ahcyl2-020,5.744340267604489,2.058951300453772,0.022567527581071674,0.025561496340831668,Up,NA
ENSMUST00000109982.8,ENSMUSG00000037110,Ralgapa2,Ralgapa2-003,2.0772383684230915,0.7859121880410046,0.02279870772783411,0.02410178860227402,Up,NA
ENSMUST00000139992.1,ENSMUSG00000029918,Mrps33,Mrps33-003,2.9183506719965515,1.9004951698509636,0.02282499955628884,0.02069761961384426,Up,NA
ENSMUST00000171412.6,ENSMUSG00000039952,Dag1,Dag1-003,2.6591076586354494,1.1716191055946354,0.02309400444941824,0.019901226014850962,Up,NA
ENSMUST00000114544.9,ENSMUSG00000058835,Abi1,Abi1-006,2.9623663799998843,2.3294891994863325,0.023424240744584848,0.02030633827513952,Up,NA
ENSMUST00000138885.1,ENSMUSG00000029518,Rab35,Rab35-002,6.944472382505481,2.3007988147073193,0.02390418152744715,0.02082562309081836,Up,NA
ENSMUST00000034774.8,ENSMUSG00000032243,Itga11,Itga11-001,2.3882374352108644,0.7619301535624222,0.02400095519602974,0.020946729222482526,Up,NA
ENSMUST00000108340.8,ENSMUSG00000028207,Asph,Asph-002,2.7723436295195185,1.4486315726089234,0.02401762958962938,0.021586321967307014,Up,NA
ENSMUST00000154725.1,ENSMUSG00000061410,Zcchc14,Zcchc14-002,2.8869461719275074,1.6393378283930315,0.024139711633259193,0.021142585986177777,Up,NA
ENSMUST00000164900.7,ENSMUSG00000026031,Cflar,Cflar-012,2.6565575265287498,1.432791753322926,0.024205878462080038,0.021232669571477826,Up,NA
ENSMUST00000110118.7,ENSMUSG00000021376,Tpmt,Tpmt-002,2.574219242027877,1.4009675469591705,0.024374833101442856,0.021443532418983495,Up,NA
ENSMUST00000146377.7,ENSMUSG00000072946,Ptgr2,Ptgr2-006,2.834628093344098,1.0623007958509332,0.024815301659850277,0.023860749210936193,Up,NA
ENSMUST00000167525.2,ENSMUSG00000063253,Scoc,Scoc-202,2.3533810089718963,0.8807076074275023,0.025125712219347344,0.027862411180562447,Up,NA
ENSMUST00000155346.7,ENSMUSG00000028687,Mutyh,Mutyh-004,3.594369185037527,2.0579228802517555,0.025235118031646204,0.02381353193604257,Up,NA
ENSMUST00000094505.5,ENSMUSG00000056268,Dennd1b,Dennd1b-001,3.1878200933503846,2.957628132239077,0.02535019526542347,0.022725961728485143,Up,NA
ENSMUST00000118835.7,ENSMUSG00000045636,Mtus1,Mtus1-001,2.2930288217478365,2.413422500423322,0.025399145615240693,0.023338261437837696,Up,NA
ENSMUST00000114496.2,ENSMUSG00000055447,Cd47,Cd47-002,3.814874872465149,2.4134984631927217,0.02561539975332808,0.023058067926233106,Up,NA
ENSMUST00000097453.8,ENSMUSG00000026490,Cdc42bpa,Cdc42bpa-002,2.6860251480871082,1.0929376774872963,0.025689168743807694,0.02948140659360937,Up,NA
ENSMUST00000092227.11,ENSMUSG00000069539,Scyl2,Scyl2-002,7.377686111329031,3.0406820405783037,0.026381168958726973,0.023998076407424646,Up,NA
ENSMUST00000185117.7,ENSMUSG00000032228,Tcf12,Tcf12-018,2.491717984264775,2.8870437660938792,0.026551982251996613,0.024228782935168735,Up,NA
ENSMUST00000151385.1,ENSMUSG00000078652,Psme3,Psme3-003,2.832104028257769,1.9131405259158372,0.02656955315732275,0.02423872291765647,Up,NA
ENSMUST00000197491.4,ENSMUSG00000025745,Hadha,Hadha-009,2.2637779219969683,1.0464835184332943,0.026605605829011926,0.028423874413390896,Up,NA
ENSMUST00000156793.1,ENSMUSG00000022283,Pabpc1,Pabpc1-006,2.630598173156103,1.3345674782812507,0.02665582466656056,0.03152611864661822,Up,NA
ENSMUST00000188894.6,ENSMUSG00000026193,Fn1,Fn1-003,2.574346365153441,0.8342148075108133,0.026733585547222796,0.024507500639400572,Up,NA
ENSMUST00000038946.8,ENSMUSG00000018819,Lsp1,Lsp1-005,3.4362736003577727,1.0752294051169577,0.026775533013686195,0.024573005145559036,Up,NA
ENSMUST00000160881.1,ENSMUSG00000026698,Pigc,Pigc-003,2.604851205133638,2.0956396298276303,0.02686559581498391,0.02468216117454138,Up,NA
ENSMUST00000105899.1,ENSMUSG00000028848,Gpn2,Gpn2-002,3.347961597294126,1.6943204618677703,0.027071385649572965,0.0318213384263755,Up,NA
ENSMUST00000115021.7,ENSMUSG00000029761,Cald1,Cald1-001,2.0717210855436714,0.6852863004996556,0.027085878848526333,0.02493782498554962,Up,NA
ENSMUST00000168124.1,ENSMUSG00000020840,Blmh,Blmh-010,10.354565346012027,2.526406737866839,0.027253386436644184,0.025159266607182203,Up,NA
ENSMUST00000129184.1,ENSMUSG00000041762,Gpr155,Gpr155-006,18.555926266714973,2.5334655293824504,0.02742454859170668,0.025384260444407888,Up,NA
ENSMUST00000190595.6,ENSMUSG00000038608,Dock10,Dock10-011,3.9856880856479218,2.6493853814794406,0.027570611942148927,0.025561496340831668,Up,NA
ENSMUST00000167787.1,ENSMUSG00000018363,Smurf2,Smurf2-201,3.735218148213086,2.0908422316307442,0.02766195510968438,0.0256922417569498,Up,NA
ENSMUST00000117549.7,ENSMUSG00000059890,Ube4a,Ube4a-005,3.65810814269763,2.046534731521557,0.028361827148495753,0.02663078100919158,Up,NA
ENSMUST00000059768.16,ENSMUSG00000055320,Tead1,Tead1-001,2.3158780558509386,0.9448807946119894,0.028529620749761436,0.03381837871329184,Up,NA
ENSMUST00000036019.4,ENSMUSG00000034687,Fras1,Fras1-001,2.0500150012164813,0.6777438757476266,0.028552726840624182,0.026904087824176547,Up,NA
ENSMUST00000124477.7,ENSMUSG00000039428,Tmem135,Tmem135-008,2.030398163840235,0.7939143668684951,0.02866885971973086,0.027044080308392848,Up,NA
ENSMUST00000162795.7,ENSMUSG00000025907,Rb1cc1,Rb1cc1-011,3.011824387568189,2.6828789672746245,0.028704968998848942,0.027081689896231657,Up,NA
ENSMUST00000148386.1,ENSMUSG00000027222,Pex16,Pex16-004,2.555758296481646,0.9357875900470566,0.028737735752994684,0.03542013320871869,Up,NA
ENSMUST00000151732.1,ENSMUSG00000034377,Tulp4,Tulp4-012,2.102356283161048,2.1824756105716014,0.028944017437617542,0.03185185303595476,Up,NA
ENSMUST00000006754.13,ENSMUSG00000020923,Ubtf,Ubtf-001,5.061215194295896,2.9462179452497708,0.02939698433900248,0.028039509120553786,Up,NA
ENSMUST00000075448.12,ENSMUSG00000028565,Nfia,Nfia-001,3.9633909582068996,2.535260706735579,0.02946594682247557,0.028135509335866078,Up,NA
ENSMUST00000113359.7,ENSMUSG00000030064,Frmd4b,Frmd4b-005,3.008043742264465,3.0294615435247847,0.029558952254860285,0.02827435115988137,Up,NA
ENSMUST00000192607.5,ENSMUSG00000027763,Mbnl1,Mbnl1-007,4.207735836001094,2.0149662772269163,0.029672992353597678,0.02840637366785091,Up,NA
ENSMUST00000185944.1,ENSMUSG00000033029,1700088E04Rik,1700088E04Rik-007,2.1461565403729717,0.8253963279288278,0.029705048473705812,0.028425980720905263,Up,NA
ENSMUST00000202568.1,ENSMUSG00000026880,Stom,Stom-003,4.2857069569153845,2.3646643673208056,0.029790526274200004,0.028534297739282226,Up,NA
ENSMUST00000139926.1,ENSMUSG00000008226,Scrn3,Scrn3-006,3.5567057892125487,2.130730196629056,0.030186817968610617,0.03537088988788088,Up,NA
ENSMUST00000155123.7,ENSMUSG00000038611,Phrf1,Phrf1-010,3.87850563720906,2.8877674471442174,0.030311275750616203,0.029225401899680096,Up,NA
ENSMUST00000195156.2,ENSMUSG00000029108,Pcdh7,Pcdh7-005,2.5304560926591457,1.7550041790610926,0.0307071731781833,0.029742538941051822,Up,NA
ENSMUST00000200827.1,ENSMUSG00000005299,Letm1,Letm1-006,3.0712040935347336,1.7894877860941671,0.0307071731781833,0.029742538941051822,Up,NA
ENSMUST00000091466.3,ENSMUSG00000033991,Ttc37,Ttc37-201,2.7732970991464967,2.4045179067634006,0.03087866622242989,0.02993464391186082,Up,NA
ENSMUST00000142690.1,ENSMUSG00000063889,Crem,Crem-014,2.3497983882991234,1.338603939922793,0.030915099675709736,0.0354681957052104,Up,NA
ENSMUST00000123539.7,ENSMUSG00000027695,Pld1,Pld1-004,2.7496680734328325,1.4222423275912828,0.03100714680864338,0.03312752602665821,Up,NA
ENSMUST00000068484.15,ENSMUSG00000037112,Sik2,Sik2-004,4.797981069736215,2.532644930231991,0.031013210841799532,0.030144360177834825,Up,NA
ENSMUST00000128055.1,ENSMUSG00000062825,Actg1,Actg1-005,2.4293333766111367,1.1034359587962863,0.031197322357138874,0.037331371128855664,Up,NA
ENSMUST00000188630.6,ENSMUSG00000051223,Bzw1,Bzw1-003,4.43417533223757,3.306549085692567,0.03157627336678378,0.030919674633219228,Up,NA
ENSMUST00000174281.8,ENSMUSG00000024392,Bag6,Bag6-005,2.992657962984144,1.1962871906985768,0.03163133985010554,0.03699539588203272,Up,NA
ENSMUST00000090027.10,ENSMUSG00000041408,Wapl,Wapl-004,4.312448314996866,1.4464094375627508,0.03198004553024129,0.03733948018052343,Up,NA
ENSMUST00000109252.7,ENSMUSG00000027678,Ncoa3,Ncoa3-001,2.2643698459846653,0.9014288100668261,0.032024439507603475,0.037989153037612175,Up,NA
ENSMUST00000201688.3,ENSMUSG00000001687,Ubl3,Ubl3-005,2.4291554869189467,2.0292707656789823,0.032068132438167536,0.03167409896150067,Up,NA
ENSMUST00000145023.1,ENSMUSG00000004865,Srpk1,Srpk1-003,3.1857125751577233,1.707136039696844,0.03225493197982385,0.0319176295742375,Up,NA
ENSMUST00000135516.7,ENSMUSG00000004270,Lpcat3,Lpcat3-002,2.3025419686692215,1.7920136136263691,0.03302666322094493,0.03282820885286329,Up,NA
ENSMUST00000115342.9,ENSMUSG00000001131,Timp1,Timp1-002,5.237658396173468,1.982214715706744,0.03304292446794344,0.03286261480296938,Up,NA
ENSMUST00000203584.2,ENSMUSG00000009112,Bcl2l13,Bcl2l13-004,2.8549940303460204,1.1675628006881378,0.033295541549587554,0.039776402739059434,Up,NA
ENSMUST00000177302.7,ENSMUSG00000026872,Zeb2,Zeb2-007,2.514524392103781,2.0156304383570776,0.03334389821918584,0.03331798817951938,Up,NA
ENSMUST00000148566.1,ENSMUSG00000019763,Rmnd1,Rmnd1-006,2.4937586871573427,1.1153018644890238,0.03337091482138881,0.04050220801869709,Up,NA
ENSMUST00000156900.1,ENSMUSG00000036273,Lrrk2,Lrrk2-005,3.7887582366673467,1.4983640555146014,0.033935106321204785,0.040369168991818825,Up,NA
ENSMUST00000197156.1,ENSMUSG00000029547,Ints1,Ints1-006,5.823927391136942,1.938312162624449,0.034293157399832505,0.034775500115123294,Up,NA
ENSMUST00000159910.7,ENSMUSG00000021614,Vcan,Vcan-004,21.00034283110933,2.5670876454953016,0.03477950788893345,0.03547238387651353,Up,NA
ENSMUST00000129019.1,ENSMUSG00000049470,Aff4,Aff4-002,2.2590868720224173,1.341224659831122,0.034972217094079605,0.035707962639557604,Up,NA
ENSMUST00000097785.9,ENSMUSG00000026131,Dst,Dst-001,2.151008129522525,0.8607757785813551,0.03523202697838531,0.04039100986483747,Up,NA
ENSMUST00000187717.6,ENSMUSG00000038174,Fam126b,Fam126b-009,2.752519720159949,1.1530937228426217,0.03548724466325244,0.03643728959032533,Up,NA
ENSMUST00000171112.7,ENSMUSG00000034343,Ube2f,Ube2f-004,5.103923239518745,1.9074831572437623,0.03549290436039939,0.03644640399809052,Up,NA
ENSMUST00000027422.6,ENSMUSG00000026220,Slc16a14,Slc16a14-001,2.154384343203931,1.0231504307009258,0.03550417837953732,0.04049013680350543,Up,NA
ENSMUST00000199571.4,ENSMUSG00000068823,Csde1,Csde1-006,2.9546486511673375,3.5874862454727814,0.035932675603530334,0.03704346651754559,Up,NA
ENSMUST00000100208.8,ENSMUSG00000075415,Fnbp1,Fnbp1-006,2.4779611009168496,2.2728837542474403,0.03610205612066188,0.03729041550239044,Up,NA
ENSMUST00000148978.7,ENSMUSG00000032966,Fkbp1a,Fkbp1a-008,2.743916383581536,1.5441303889169429,0.03637993651995945,0.04275094113884567,Up,NA
ENSMUST00000159386.7,ENSMUSG00000032280,Tle3,Tle3-008,3.0918236513888324,3.1442866659500837,0.03645370874906215,0.037808095439719074,Up,NA
ENSMUST00000110570.7,ENSMUSG00000034761,Map4k5,Map4k5-001,3.0551474578417137,2.621500938045638,0.03660990743500791,0.03801965650465436,Up,NA
ENSMUST00000206753.1,ENSMUSG00000049553,Polr1a,Polr1a-004,2.6730492930669594,2.3899476393590082,0.03681095802314605,0.03828441602094388,Up,NA
ENSMUST00000138048.7,ENSMUSG00000022665,Ccdc80,Ccdc80-003,3.0283362646356493,1.1000063410103094,0.036866661245848,0.04326807466156129,Up,NA
ENSMUST00000140940.7,ENSMUSG00000026031,Cflar,Cflar-001,2.17395576087476,0.8723747348405576,0.0370139130184013,0.04420773747283158,Up,NA
ENSMUST00000204447.2,ENSMUSG00000030281,Il17rc,Il17rc-004,2.6044022745289386,1.0316625083015745,0.037083583377326125,0.046258439865162274,Up,NA
ENSMUST00000090785.8,ENSMUSG00000038495,Otud7b,Otud7b-001,2.2078905663936363,2.4516512010028952,0.03753700533454922,0.04642120964166271,Up,NA
ENSMUST00000171641.1,ENSMUSG00000028447,Dctn3,Dctn3-201,2.3537161708004914,1.086165606909668,0.037692678285221666,0.03960885087872611,Up,NA
ENSMUST00000092671.11,ENSMUSG00000004040,Stat3,Stat3-010,2.0525952592196797,0.7113388247301451,0.03871725534961286,0.054722872194010425,Up,NA
ENSMUST00000188750.6,ENSMUSG00000032411,Tfdp2,Tfdp2-013,2.2248782948171333,0.9550215879986864,0.03912599490320591,0.04805759078622194,Up,NA
ENSMUST00000001125.5,ENSMUSG00000001098,Kctd10,Kctd10-002,2.368976828752953,1.456960163277433,0.03917442644203552,0.04185684525360542,Up,NA
ENSMUST00000127141.1,ENSMUSG00000026275,Ppp1r7,Ppp1r7-002,3.3839566423559653,1.5208099425287473,0.039200315095436145,0.04701268132157738,Up,NA
ENSMUST00000169841.1,ENSMUSG00000020440,Arf5,Arf5-201,2.1662825246872726,2.5770422268507187,0.039242245731656855,0.041945676472096634,Up,NA
ENSMUST00000029559.6,ENSMUSG00000027947,Il6ra,Il6ra-201,3.387187674907283,1.6747705617343869,0.03976344501284183,0.042681047165718175,Up,NA
ENSMUST00000132827.7,ENSMUSG00000026771,Spopl,Spopl-002,2.4238551684221963,2.081259590527551,0.03982896960526588,0.04275094113884567,Up,NA
ENSMUST00000151839.1,ENSMUSG00000029722,Agfg2,Agfg2-003,3.701579776601706,1.4846763519584512,0.0398784208861661,0.0473476635232379,Up,NA
ENSMUST00000183209.7,ENSMUSG00000002107,Celf2,Celf2-011,2.62838537226641,1.3914766428361336,0.04014941930437042,0.04314839084503532,Up,NA
ENSMUST00000126686.7,ENSMUSG00000031309,Rps6ka3,Rps6ka3-003,2.2021368749749985,0.6833750252902074,0.0401786457654877,0.053342347505068485,Up,NA
ENSMUST00000021177.14,ENSMUSG00000020823,Sec14l1,Sec14l1-001,3.0351191371322988,1.4098588428338268,0.04023032701643028,0.04326390922036565,Up,NA
ENSMUST00000174306.7,ENSMUSG00000024387,Csnk2b,Csnk2b-003,3.324318480905019,1.9584544811503901,0.040447570875358704,0.04355245039071624,Up,NA
ENSMUST00000070458.10,ENSMUSG00000038637,Lrrc56,Lrrc56-003,2.9238577002000796,1.5498599569864615,0.040480158986275355,0.04926187391807195,Up,NA
ENSMUST00000155135.1,ENSMUSG00000026701,Prdx6,Prdx6-005,3.222893526231357,1.2578224318669808,0.04120837003628666,0.05149349012706674,Up,NA
ENSMUST00000170002.7,ENSMUSG00000021111,Papola,Papola-010,2.5349333002613634,1.309195899251739,0.041531365535309804,0.04530183024402048,Up,NA
ENSMUST00000004892.6,ENSMUSG00000004771,Rab11a,Rab11a-005,2.313754881120445,2.353326360347877,0.041718480715329534,0.04559813448915981,Up,NA
ENSMUST00000135894.1,ENSMUSG00000031400,G6pdx,G6pdx-003,2.6595286140640444,1.124850673836347,0.04221618198381176,0.04636677550606402,Up,NA
ENSMUST00000169787.7,ENSMUSG00000036040,Adamtsl2,Adamtsl2-005,3.7030418356619657,1.0888858398404142,0.042432627793667715,0.052587752137665304,Up,NA
ENSMUST00000135221.7,ENSMUSG00000002319,Ipo4,Ipo4-002,3.1354803943674963,2.2893022362504882,0.042432627793667715,0.04665463001362169,Up,NA
ENSMUST00000139584.1,ENSMUSG00000022544,Eef2kmt,Eef2kmt-003,2.656715240820921,1.2574367466354601,0.04291101198730682,0.04733643346320243,Up,NA
ENSMUST00000125302.1,ENSMUSG00000020321,Mdh1,Mdh1-002,4.275097966089899,2.6792272668418287,0.04303460697154505,0.04744686396779048,Up,NA
ENSMUST00000121198.7,ENSMUSG00000052539,Magi3,Magi3-002,2.0813760334071736,1.415989042822595,0.04359643488582455,0.048235990446747236,Up,NA
ENSMUST00000061421.3,ENSMUSG00000047343,Mettl21c,Mettl21c-001,4.217219733052671,1.404139597828388,0.04367440720727439,0.05356531479807278,Up,NA
ENSMUST00000063661.12,ENSMUSG00000052459,Atp6v1a,Atp6v1a-002,2.0357427449302152,0.9694162905249764,0.043860469544908416,0.04866854448357501,Up,NA
ENSMUST00000162350.2,ENSMUSG00000022181,C6,C6-004,2.1061868053585497,1.2981136758278988,0.044160177221459325,0.049113734500434755,Up,NA
ENSMUST00000178662.7,ENSMUSG00000026269,Rnpepl1,Rnpepl1-012,2.4960169917053925,1.6845663274728861,0.0443105497712651,0.05345724361119869,Up,NA
ENSMUST00000168247.1,ENSMUSG00000058638,Zfp110,Zfp110-201,2.7057542549172493,2.582578825769759,0.04487730639801796,0.050243687581578385,Up,NA
ENSMUST00000115827.7,ENSMUSG00000068663,Clec16a,Clec16a-004,3.088439455788726,1.5598995013454455,0.04506639710513408,0.05056864162584115,Up,NA
ENSMUST00000145037.7,ENSMUSG00000005804,Bloc1s6,Bloc1s6-005,2.8351837534113673,1.2670664085714942,0.045205797260911396,0.057054774741538604,Up,NA
ENSMUST00000165459.1,ENSMUSG00000020530,Ggnbp2,Ggnbp2-010,2.287667711529683,1.0387833519271528,0.045393429741060295,0.055837459433186576,Up,NA
ENSMUST00000103072.9,ENSMUSG00000069631,Strada,Strada-001,2.1487895519854985,0.9662580354315694,0.04539429670025153,0.05723321227298285,Up,NA
ENSMUST00000117423.8,ENSMUSG00000021693,Kif2a,Kif2a-005,2.604020445078082,1.123202186916938,0.045524166163144565,0.055194332905011044,Up,NA
ENSMUST00000099564.8,ENSMUSG00000052387,Trpm3,Trpm3-204,3.1998033832892383,1.2636176849082965,0.04580057558064801,0.05689847950318552,Up,NA
ENSMUST00000031291.8,ENSMUSG00000029348,Asphd2,Asphd2-001,2.3711270649357745,0.9690395027755034,0.04598472705306902,0.055854672664392827,Up,NA
ENSMUST00000203229.2,ENSMUSG00000029810,Tmem176b,Tmem176b-008,2.9210734054231944,1.4575896302067104,0.04604314459746763,0.052089770797863075,Up,NA
ENSMUST00000195965.1,ENSMUSG00000028127,Abcd3,Abcd3-003,3.1068644682052335,1.1834672556051091,0.046343837270088596,0.05840729063923851,Up,NA
ENSMUST00000138566.7,ENSMUSG00000025261,Huwe1,Huwe1-014,2.458461904961463,1.2588393759223897,0.0469395174099649,0.05677317785680665,Up,NA
ENSMUST00000160882.7,ENSMUSG00000032280,Tle3,Tle3-003,2.435663684503902,2.8439739157417914,0.04706978234944385,0.05363075086644527,Up,NA
ENSMUST00000101301.9,ENSMUSG00000052337,Immt,Immt-001,2.6783167356721114,1.098994565272673,0.047702976208964146,0.060335482893480605,Up,NA
ENSMUST00000146934.7,ENSMUSG00000037286,Stag1,Stag1-006,2.541137731416047,2.205156020141673,0.04798096294958325,0.055084553333141634,Up,NA
ENSMUST00000138060.2,ENSMUSG00000035642,Aamdc,Aamdc-002,2.368628735890616,1.4349385649625634,0.04831906060298941,0.05562807009311377,Up,NA
ENSMUST00000107461.1,ENSMUSG00000066151,Fkbp15,Fkbp15-005,2.0962017522900576,0.802161238244883,0.0484821460608123,0.062428889514627814,Up,NA
ENSMUST00000093458.10,ENSMUSG00000036054,Sugp2,Sugp2-001,2.5535510272696857,2.1451561015086162,0.04851087372865667,0.055856209638388096,Up,NA
ENSMUST00000079362.11,ENSMUSG00000005871,Apc,Apc-001,3.1392020452089953,2.794025834039948,0.048688711768642666,0.05608707766103583,Up,NA
ENSMUST00000032503.11,ENSMUSG00000030352,Tspan9,Tspan9-003,4.813458434117741,1.7408079222167276,0.04887790423280898,0.056342408351476976,Up,NA
ENSMUST00000124443.7,ENSMUSG00000038696,Mapkap1,Mapkap1-003,2.2023803093947127,1.1473093880172194,0.04887790423280898,0.060653560181167826,Up,NA
ENSMUST00000166831.8,ENSMUSG00000022401,Xpnpep3,Xpnpep3-006,2.076369098325289,0.8536384644378514,0.04895187388402028,0.06240755915334988,Up,NA
ENSMUST00000170033.1,ENSMUSG00000049717,Lig4,Lig4-202,2.053524360447488,1.8145521698039622,0.04900636925054925,0.05657504177150484,Up,NA
ENSMUST00000193151.5,ENSMUSG00000026083,Eif5b,Eif5b-003,2.5939260240492907,1.4544175241889596,0.04914394948640017,0.05675079499790153,Up,NA
ENSMUST00000143169.1,ENSMUSG00000027605,Acss2,Acss2-007,4.314152559753443,1.0743374997394926,0.049206225730537886,0.06253033170041869,Up,NA
ENSMUST00000153103.7,ENSMUSG00000066621,Tecpr1,Tecpr1-004,2.6938656813830213,2.3210409016010023,0.049206225730537886,0.05689847950318552,Up,NA
ENSMUST00000020673.2,ENSMUSG00000020402,Vdac1,Vdac1-005,10.722471535573769,2.770050220867801,0.04938024174585081,0.057220747377534,Up,NA
ENSMUST00000170350.7,ENSMUSG00000012535,Tnpo3,Tnpo3-002,2.4799033153332393,1.4833626474988395,0.049525864616283166,0.057435903758204586,Up,NA
ENSMUST00000069616.7,ENSMUSG00000033825,Tpsb2,Tpsb2-201,2.0195946470258646,0.5540860092574509,0.04994294384318883,0.05801692204030028,Up,NA
